MAP,AUROC,AUPR,nDCG@10,P@1,P@15,R@15,Spearman,RMSE,MAE,nonhot100_AP,rare_AP,middle_AP,fold,rho
0.1728238725875322,0.9033712737331511,0.0819017279779092,0.22225844729048796,0.15275590551181104,0.10887139107611547,0.36673393217313593,0.4778105784366244,1.2542333935585008,0.8969227759375518,0.09794045174389611,0.10575704981825122,0.13993039540514343,0,0.0
0.19379559106147065,0.9113907791524228,0.08873079745490464,0.24595511106714238,0.2047244094488189,0.11454068241469818,0.3797581026482645,0.48323912586890494,1.3442611648938183,0.9804446371819747,0.10087918853778856,0.10877241096236923,0.14268361466272075,0,0.1
0.21285132557935202,0.9168203946313257,0.09646642245820783,0.27041172324845747,0.25354330708661416,0.11821522309711285,0.3849399354358121,0.48744051698531576,1.469107509645032,1.1166985396952835,0.10291466447265998,0.11581454710029761,0.1465888022143117,0,0.2
0.22763149622023615,0.9199153695840916,0.10505056504333228,0.2902391486402874,0.28346456692913385,0.12167979002624672,0.39436986408519226,0.49034618958230075,1.6207461958068443,1.2926224241899216,0.10568218371294101,0.11903682844170811,0.15132884534737204,0,0.3
0.23703401957588757,0.921328415659869,0.11414284736210838,0.3033549151918406,0.31496062992125984,0.12314960629921258,0.3950381010374264,0.49145289922116475,1.792389903362892,1.493924575348454,0.1079877292480313,0.123225672884948,0.1589607078043266,0,0.4
0.24609626949893285,0.9214709514027808,0.12214909971615763,0.31287014164747234,0.3543307086614173,0.1268241469816273,0.4044298139520359,0.49073448279324255,1.978839971258472,1.7077933597481914,0.10990136030994468,0.127482956712886,0.1592735526428722,0,0.5
0.24906351731306417,0.9205372385371862,0.12812307420128893,0.31419917195214264,0.3653543307086614,0.12766404199475065,0.40275712619536364,0.48735211015225793,2.176294034584237,1.9280032865741283,0.11168822661202737,0.12518834958565667,0.15867882310640308,0,0.6
0.25063414984235,0.9185353489865269,0.13117383781324693,0.3167953961427785,0.3732283464566929,0.1274540682414698,0.3923078585068448,0.4820334026961656,2.382017263212908,2.151067858967757,0.11136973801279991,0.128721023707512,0.15588742369496725,0,0.7
0.24756983947246167,0.915373474104381,0.1309871406097155,0.3138985811409975,0.3653543307086614,0.12703412073490813,0.3896702617605137,0.47443248741917926,2.594043010008289,2.376448847831678,0.11121324781048567,0.13299802279888942,0.1450742022458353,0,0.8
0.24319591839567442,0.9109078272204952,0.12727801452398174,0.30988671898577863,0.36220472440944884,0.12430446194225722,0.3807088452912407,0.464018350879583,2.8109454634251607,2.603121154151953,0.10173319723390245,0.11581934345193987,0.13828481158412764,0,0.9
0.23589327591516177,0.9050255338817946,0.12063917090655533,0.3021596092884881,0.352755905511811,0.12083989501312337,0.36766474308906316,0.4503373568311672,3.0316780595409476,2.8303409626812526,0.0878983418027261,0.08709125057614929,0.12332334705646404,0,1.0
0.18126819023958363,0.9080696147603441,0.09647793566470854,0.23225675402293314,0.17857142857142858,0.1087991718426501,0.38489472095345284,0.43569808005170774,1.2311074972269545,0.8939650942542074,0.12233939388011782,0.08113761042394659,0.14203355693241315,1,0.0
0.1989258157887972,0.9148401684742965,0.10193528258662939,0.25489864916877286,0.20496894409937888,0.11366459627329192,0.39437262676604523,0.4545734763767044,1.2979396897548088,0.953340173185579,0.1268207236779874,0.08755048120451978,0.14544144474588908,1,0.1
0.21315928964672157,0.9194295777885984,0.10754395845231979,0.27303121501553657,0.2391304347826087,0.11801242236024845,0.40242741090745493,0.4722711737780596,1.407083071174867,1.072234382584667,0.1284449686899326,0.09370790946801244,0.1461418883672327,1,0.2
0.22478943954097425,0.9217503069247525,0.11329412837151491,0.2869635007486001,0.26242236024844723,0.11987577639751551,0.4033520201455546,0.48863731631229107,1.5496232008849768,1.238867700580174,0.12716616021055072,0.09506208139071388,0.1496450509688999,1,0.3
0.2360524380568026,0.9222527209906097,0.11880505679670014,0.29949375315245874,0.2857142857142857,0.12080745341614907,0.40462330016554926,0.503001344793247,1.7172637440274994,1.4397131014673568,0.12839737161381534,0.08984019497008447,0.1474184181358756,1,0.4
0.24598895337116153,0.9212378001111214,0.12430266171240362,0.3124516729836384,0.3307453416149068,0.12318840579710144,0.4091729456773148,0.5152604126946972,1.903384256289763,1.6590999555417378,0.13002462618773333,0.08010763096827651,0.14538312277910978,1,0.5
0.24773599049852613,0.9187586731120816,0.1268857254930183,0.31447667365392734,0.32919254658385094,0.12525879917184263,0.40948672925992663,0.5253191103200542,2.1030839128596686,1.887711171670631,0.12978843418918123,0.07847641729727288,0.1427636126734979,1,0.6
0.24737737033459972,0.9146922935213943,0.1252108787581334,0.3141507857615169,0.34316770186335405,0.1245341614906832,0.4071776158242661,0.5329400716708896,2.312848049281108,2.1198601141318822,0.12665162788857426,0.07482864032410058,0.13559078904234337,1,0.7
0.24349274415094518,0.9088741283099726,0.1202591049705764,0.310120071200386,0.34006211180124224,0.12484472049689442,0.3993098988090914,0.5379978299450422,2.5301747072566565,2.353688199216743,0.12003987447220266,0.06896017302154414,0.12134917323679512,1,0.8
0.2393058441737615,0.9012137762567599,0.11251762893533633,0.3045767147634447,0.3385093167701863,0.12298136645962732,0.39272921379373277,0.5401067781764174,2.7532736548228733,2.588137433357826,0.11228428808686419,0.06165452896220684,0.10546636022231846,1,0.9
0.23181404401472644,0.89172964286036,0.10249551515305892,0.29809010201003033,0.33229813664596275,0.12039337474120082,0.38387400571397895,0.5383266037692468,2.9808490691890466,2.8226911948031117,0.09847675876473229,0.060159641798975115,0.09382905926315155,1,1.0
0.20102104369937662,0.907412044929155,0.09470738275108384,0.2595453330448045,0.2,0.11847328244274809,0.40490117072455145,0.5200079451599801,1.2557104451077605,0.9213375777667719,0.13982419979653732,0.11740522296640697,0.18314046960359345,2,0.0
0.2161805262855686,0.9160156454298326,0.10185815402052883,0.2770103811170395,0.24885496183206107,0.12111959287531805,0.4093574533047139,0.5221595517292352,1.3754070608094116,1.0414205968797914,0.13905113354566673,0.12317354259617758,0.18286424828985884,2,0.1
0.22693751350083913,0.920684574073528,0.10989159380717811,0.29035739118055437,0.2778625954198473,0.12356234096692112,0.4105766024658017,0.5231037625188587,1.5209868729131968,1.1998667550934308,0.1397448065697797,0.13128608184313634,0.18425108536775214,2,0.2
0.2383325279798721,0.9228643124077197,0.11918098057035498,0.3010885041704606,0.30381679389312977,0.1269211195928753,0.42018025546877613,0.5223958554841945,1.6857576040596771,1.3866664781923352,0.13878078216307718,0.13304913778690525,0.18661375968739569,2,0.3
0.24284380474678582,0.9236096834618067,0.1284262785988341,0.3065734373095593,0.3068702290076336,0.12936386768447836,0.4301594578225562,0.5198272544605823,1.8646385245514239,1.588814099096244,0.13706248912358454,0.1368774273612176,0.18256610635213275,2,0.4
0.2508319766870925,0.9233696564147627,0.13589122894552938,0.31657649883277805,0.32213740458015266,0.1294656488549618,0.42488297466549185,0.5152628090496383,2.0539465116883786,1.7990076281190595,0.13750493559989158,0.13855430756341802,0.1806029032255962,2,0.5
0.25169412754497245,0.9223033247167156,0.13968802585532908,0.31765624153645045,0.31297709923664124,0.13099236641221373,0.4241710123178214,0.5083578056000316,2.2510522616760937,2.0123743652180237,0.1364104929930258,0.1379892975419796,0.17251691736870212,2,0.6
0.2532462693576729,0.9204366971476458,0.1398872102827328,0.32102296066912517,0.32213740458015266,0.1292620865139949,0.418479942960621,0.49882452851496056,2.454077679568817,2.2272978411518247,0.1324980869122227,0.12607730421950009,0.16460336877333961,2,0.7
0.24940513808839182,0.9177523207386533,0.1371487057998231,0.31852001054955825,0.3114503816793893,0.1292620865139949,0.4198640310984255,0.4870243070485876,2.66166849228701,2.442775376630342,0.12555063730681662,0.12031272640101107,0.16207366896888892,2,0.8
0.24341890584168374,0.914212537731596,0.1322193450658617,0.3118184265017724,0.3099236641221374,0.12702290076335876,0.4047589711281826,0.4728138601424546,2.8728351838289212,2.6586202997247113,0.11370899007448154,0.11568731273799092,0.1447658805795897,2,0.9
0.23858567365790848,0.9097872041620376,0.1250308596363851,0.30590366950973974,0.31755725190839695,0.12437659033078881,0.39478708782707517,0.4560971276113632,3.086843948642042,2.8746396107079777,0.09683031758968484,0.09375888472640906,0.11822154365834656,2,1.0
0.16253527345807012,0.9115197273143285,0.08689951683673934,0.20960994653398926,0.14570552147239263,0.10715746421267892,0.3623867467270176,0.4884323480336527,1.2780342341477198,0.9322878161699942,0.10113039859858111,0.11115654127034875,0.14048924177749225,3,0.0
0.19617819301667994,0.9193783787092116,0.09351721630792531,0.2418124370895394,0.19938650306748465,0.11226993865030672,0.3733151968999943,0.49887957362434826,1.3887497250222554,1.0478198287225937,0.10671670517639083,0.12050741099872686,0.14587607933235833,3,0.1
0.21006963963857014,0.923900168969021,0.10069459672987949,0.26169823576808876,0.23773006134969324,0.11533742331288344,0.38410255363681534,0.5081281365790058,1.5267357156000518,1.2063476388335646,0.10824458102850866,0.12540923865670045,0.14974284740766575,3,0.2
0.21919115962722546,0.9259905600404008,0.1084653652488295,0.27551263623434274,0.25766871165644173,0.11983640081799592,0.3953808631408261,0.5162915955374968,1.6853072303398726,1.3932619388365943,0.1104906962565484,0.12578640619908332,0.15529815366604016,3,0.3
0.22740547531169442,0.9262537221265911,0.11668185765808459,0.2889377136849523,0.2776073619631902,0.12290388548057259,0.40465536877837943,0.5224347013637873,1.8592043192267178,1.5938095413078077,0.11216041151164496,0.12582194644831562,0.15658894613331628,3,0.4
0.23312015271967454,0.9251910833939793,0.12421776210178538,0.29676960471067104,0.2898773006134969,0.12719836400817996,0.4166566199990598,0.5272264743230541,2.04452035317391,1.8010894329736196,0.11806448836186255,0.1211501108875005,0.1541376875839118,3,0.5
0.2405609888489751,0.9231019853984658,0.1293514445547827,0.30668910426857565,0.31901840490797545,0.1277096114519427,0.4170923149080113,0.5298488747397192,2.23842088382384,2.012768187864554,0.12100043399589835,0.1152558434282876,0.15677909344313248,3,0.6
0.24560764050092468,0.9200882196449841,0.13056872450460938,0.3130127018788896,0.3389570552147239,0.12924335378323107,0.4236684609101198,0.530414929941346,2.4388593258027473,2.226660146481461,0.12149278322276286,0.10809446993059359,0.1485431612537811,3,0.7
0.24755124960411898,0.9161339123606346,0.12807433092558418,0.3148771650919584,0.3496932515337423,0.1291411042944785,0.41815425458094524,0.5286679247596534,2.644349393890348,2.4416736076538728,0.1206367959823799,0.1016826596068087,0.14548066545254745,3,0.8
0.24343184597284415,0.9112195107844352,0.1223958959577263,0.31020162976030363,0.34049079754601225,0.12719836400817994,0.4043716253765074,0.5248887819898639,2.853800057871133,2.657118827340664,0.10936773624448085,0.10027641459020963,0.13231910558523577,3,0.9
0.23683710330219274,0.9053491012123515,0.11393250248224984,0.3036348320558412,0.3328220858895706,0.12280163599182004,0.38265201428658757,0.5181761257226578,3.0663998107349326,2.872828351240555,0.09717547459521701,0.09805404466834536,0.11620728791616848,3,1.0
0.1790202014117761,0.9069969786056538,0.08792841859107975,0.2285596074614548,0.17411402157164868,0.10600924499229582,0.3848514786453524,0.48304719352422143,1.279415384146812,0.9468639549535414,0.10486366180274335,0.10499254176020621,0.13741468438593699,4,0.0
0.19768170163794146,0.9142832353245296,0.09460634596659173,0.2517360318961152,0.1941448382126348,0.11206985105290188,0.39971753303741875,0.49491820191053826,1.3929455285921837,1.0690370181715065,0.1083752517545621,0.11772696002399616,0.15014226077557374,4,0.1
0.2077356062614655,0.9187341496826784,0.10211844548763682,0.2652150234933278,0.21417565485362094,0.11474062660503338,0.40851053246318225,0.5050328101342012,1.5346815499951874,1.2306184897650367,0.11302764071725117,0.12486065132051245,0.16252317400751512,4,0.2
0.21694447154782948,0.920821415022318,0.11061133695758457,0.27909525121226864,0.24191063174114022,0.11813045711350795,0.4146512794863773,0.5134816487530263,1.697573240369297,1.4204135793979564,0.11500846283814094,0.13018061371448222,0.1640814589105535,4,0.3
0.22826501628584858,0.9211013970769478,0.11926970903142785,0.29265439590118586,0.2850539291217257,0.12100667693888033,0.42063365275617953,0.519934800609679,1.876118046315348,1.6255814414516598,0.12097064381218933,0.13417529164437567,0.1695110080509009,4,0.4
0.2317019274131583,0.9198918016373876,0.12541456401741524,0.29506595722793055,0.300462249614792,0.12203389830508472,0.41951966136293123,0.5238864052677609,2.0662624073442526,1.838969834580889,0.12247988637157767,0.13692941039392253,0.16648757575694842,4,0.5
0.2374288710894761,0.9173194304453749,0.12706425974191718,0.2983777906799445,0.3235747303543914,0.12306111967128915,0.41334944613601105,0.5253899449475641,2.265086842509413,2.056265659485125,0.125623930773993,0.13602753386325658,0.1619287021991296,4,0.6
0.23554958120905545,0.9134053841444016,0.1252653516600449,0.29607947959359565,0.3220338983050847,0.12326656394453005,0.40809136511906685,0.5246446700285425,2.4704966099225047,2.2752468911282913,0.12458921778503787,0.14040095788065332,0.16116289722829505,4,0.7
0.2344114095438828,0.9080874562312936,0.12058306583048795,0.29424585689345684,0.325115562403698,0.12265023112480739,0.3947920438515228,0.5210616947783953,2.6809784832713413,2.4950881961058973,0.11703034517746838,0.1360351636503103,0.15187857672866797,4,0.8
0.22836788570151575,0.9013455471976731,0.1140368381821748,0.28906556976567394,0.31124807395993837,0.12131484334874164,0.38331248432195286,0.5144943360364014,2.8954265193228883,2.715565793641201,0.10231137027984936,0.11501807665871519,0.1403655233517667,4,0.9
0.2238237926111521,0.8932904446076151,0.10555325476333811,0.28449139742824064,0.31124807395993837,0.1182331792501284,0.36980459193659343,0.5047090139912155,3.1130211493065567,2.936394850752722,0.08679783392920283,0.10964680280251166,0.10666253201003767,4,1.0
0.21517736217810715,0.9104970178413853,0.09480868363173528,0.2670793631068571,0.23692307692307693,0.11466666666666667,0.4146313011757649,0.5258241209526714,1.2462788057564371,0.9157985760277778,0.12378440756526897,0.09187359864925429,0.14386790022985402,5,0.0
0.22745645000188505,0.9179415632688066,0.10059367220898242,0.28325972157665424,0.26615384615384613,0.11876923076923078,0.4259181892337995,0.5323549445364562,1.3650220451350146,1.040882682665869,0.12686813341310635,0.09409178700509035,0.1487932211985841,5,0.1
0.23200049181034546,0.9218967145374838,0.10671209203718099,0.2929206533052169,0.2692307692307692,0.121025641025641,0.4284063996265937,0.5377524084387277,1.5116469804495654,1.2062144152284624,0.1315095856979103,0.09706290580000212,0.15262553890801717,5,0.2
0.2394407571720593,0.9235057902098069,0.11317879577785951,0.3008758922559964,0.2846153846153846,0.12441025641025642,0.4360980136554496,0.5417252773941553,1.6788643846754867,1.4003358079550512,0.1356270351314017,0.10150952893088964,0.15336564063959784,5,0.3
0.24977369950143594,0.923615835075813,0.11890086763638155,0.31021306255675846,0.32153846153846155,0.12656410256410255,0.4329192089959852,0.5440474234675189,1.861131806790988,1.6095035775597766,0.13711258483364816,0.10388482519100181,0.15237760392957017,5,0.4
0.2514514732643062,0.9225763812014529,0.12274705323311033,0.31211976718302104,0.33692307692307694,0.12789743589743588,0.43212796514548124,0.544616195350731,2.054447702605361,1.8268609917305707,0.13822373331119836,0.10705116863001057,0.14967522919755513,5,0.5
0.2515227359940259,0.9205572747622734,0.12382001545753837,0.3133963408926877,0.3353846153846154,0.1276923076923077,0.42897572724191707,0.5432830522466939,2.2559734421940747,2.0472709653475105,0.14021601795472044,0.10354724759300887,0.1493766681378716,5,0.6
0.25077321173695916,0.9176146685795943,0.1225020767725997,0.3143727551995865,0.33076923076923076,0.128,0.41961182897140753,0.5398380635823741,2.4636952672084953,2.2689306301807237,0.14351125410826707,0.10586922057577966,0.1421649445424912,5,0.7
0.24601530101719085,0.9137213705774334,0.11879669670324897,0.3127315674882743,0.32461538461538464,0.1272820512820513,0.41585214894584727,0.5342798488978533,2.6761707712913405,2.4913139723089626,0.1333226289383968,0.10578603393348357,0.13849878443651573,5,0.8
0.23815952664092782,0.9088091325253641,0.11335876246659285,0.30644437586353684,0.31846153846153846,0.12584615384615383,0.4072118719996979,0.5262167698967,2.8923524994909995,2.7140005818922814,0.1221320337946211,0.10110238851762164,0.12234577085628338,5,0.9
0.23297643787057132,0.9028219918599774,0.10617794360800664,0.30069487598156175,0.31846153846153846,0.12317948717948718,0.3941172276532896,0.5156659367937374,3.1114680133321686,2.9369724554227843,0.10800641191595005,0.09294683383502698,0.09824670180784849,5,1.0
0.21024890712381353,0.9065680177082032,0.09183987593200775,0.2642930198658679,0.20930232558139536,0.11576227390180877,0.40112886161987904,0.5237038238796031,1.2216804922963609,0.8960468263702895,0.12223604167945128,0.13016099865184144,0.17094302267460731,6,0.0
0.22194194537054723,0.9133732925573907,0.09741456349501794,0.27834112207742645,0.23565891472868217,0.11886304909560721,0.40714492153619475,0.5289031349960651,1.3336851724147032,1.0123767588406143,0.1256311302966712,0.13817961399294165,0.1799507799260496,6,0.1
0.22939610072338681,0.9177849674126832,0.10326484726635488,0.2891418501751918,0.2589147286821705,0.12248062015503876,0.4097424932896276,0.5328358939823076,1.4786680343625245,1.1783888261863698,0.12801761133255193,0.14108474191192638,0.1861413941017765,6,0.2
0.23369841744054518,0.920131664274289,0.10960588815972766,0.2957714018738021,0.2806201550387597,0.1249612403100775,0.414381942535107,0.5351625235868812,1.647948058514475,1.377059114598614,0.13088684957821947,0.1373179596989054,0.1887096622935729,6,0.3
0.2396919799709117,0.920840925588934,0.1155426293709865,0.3044756825999419,0.3054263565891473,0.12558139534883722,0.4115608025275715,0.5356947074225463,1.8348123670278462,1.5946038575991666,0.1308219394301432,0.13398624866864972,0.18627513224306935,6,0.4
0.24201741819158032,0.920212128487619,0.11947497007866563,0.3062179376558529,0.31937984496124033,0.1276485788113695,0.4128713541292226,0.5341701148290541,2.034421499002959,1.8201130307425204,0.1315426156916416,0.13302861761682985,0.18387079405030668,6,0.5
0.2435853469280969,0.9183382396064114,0.1203806258100373,0.30705999298554504,0.33798449612403103,0.12909560723514213,0.41400600710131186,0.5304517427244081,2.243375871321877,2.0501641904957344,0.13184195893253897,0.12601791006116053,0.17971860981606727,6,0.6
0.2390787717664935,0.9151637643794437,0.11894294727476246,0.3014358778447633,0.33488372093023255,0.1289922480620155,0.40694202457058554,0.5242956151158413,2.4592946519429764,2.281901329361955,0.12526242706464497,0.12059230919670362,0.17329355028722432,6,0.7
0.23430537369770396,0.9105831969904948,0.11478752427567718,0.29674106958789154,0.3302325581395349,0.12692506459948322,0.39510634981910164,0.5156831930379068,2.680495384178201,2.5146693444470225,0.11930297518070876,0.11864458975415627,0.16285044209801128,6,0.8
0.23059018307996468,0.9044715129894224,0.10875216153513621,0.2937120901697698,0.3302325581395349,0.12320413436692507,0.3839741556095457,0.5042281881766834,2.9057720498630553,2.7480043482945624,0.10386785038440909,0.11231272885371675,0.13962798719626002,6,0.9
0.22250591335973774,0.8967360050470277,0.10044243394683944,0.2884370626499684,0.32248062015503876,0.11989664082687337,0.3742860567410346,0.48992215645184223,3.1342458654612426,2.981518962535677,0.08384523881618142,0.08954169061263104,0.11863015939410368,6,1.0
0.17760349615648796,0.9055664857700313,0.08735139266552515,0.2256504424376982,0.19040247678018576,0.10629514963880289,0.38174823818074327,0.5000144880934768,1.2788067558063148,0.9272953871338193,0.11460496976140942,0.11664284599477838,0.13683742479933927,7,0.0
0.20460923907666645,0.9136687287195953,0.094829851570806,0.2610739542195613,0.23219814241486067,0.11382868937048503,0.3992788945720615,0.5108063336821654,1.3893898104625,1.0496649199226689,0.12023179890538191,0.12605763390125913,0.14613878746594353,7,0.1
0.2185096794070796,0.9188938209170265,0.10318516292354862,0.2799479648812331,0.24613003095975233,0.11857585139318885,0.4106157358227809,0.5197575155520738,1.5274398988701892,1.2113629386146445,0.1233778885734812,0.12325040239072411,0.1470940634085474,7,0.2
0.23524169435382886,0.9217551281805532,0.11268585912700954,0.296387206422069,0.2739938080495356,0.12342621259029926,0.4157587125852984,0.5264040955883641,1.6862244999312106,1.3988256153038743,0.1256724074690103,0.12461734439878977,0.15116172899356173,7,0.3
0.24799301452939404,0.9226637440450088,0.12163723055602808,0.31422841040124616,0.3188854489164087,0.1257997936016512,0.42218695608000933,0.5305426853825608,1.8604420524933925,1.6013225075902322,0.1287524588338867,0.12554010804295487,0.1530186757927382,7,0.4
0.2540951347670506,0.9220726616381336,0.12814831124096943,0.32173102176978613,0.33126934984520123,0.12745098039215685,0.42545266353812666,0.5321621078854757,2.0461544842189423,1.8098745243232035,0.13168971648863767,0.12848550722409544,0.15005405977167016,7,0.5
0.2564492966041046,0.9202572192354685,0.13077420833353254,0.32321413982111175,0.34520123839009287,0.12910216718266251,0.42602633596091977,0.5311178175808208,2.240505065665537,2.0222649795074568,0.13098308937803543,0.12377454949995279,0.1456890299946585,7,0.6
0.24968139586715352,0.9172929030510683,0.12965780579890734,0.3155172010003578,0.32972136222910214,0.12724458204334366,0.4141871110090537,0.5272488792223633,2.441431818929288,2.2367485901330797,0.12803773749916542,0.12220283781599532,0.14281114843387047,7,0.7
0.24682094281165767,0.9131692451371655,0.1253483768801038,0.31307908593868894,0.33591331269349844,0.1259029927760578,0.4070050624543478,0.5210615443639846,2.647437878258834,2.4521049136474744,0.1184714263324204,0.1264724666980922,0.1320261835688978,7,0.8
0.2406640794718735,0.9078477628578617,0.11813689386706268,0.30765298548426767,0.34365325077399383,0.12229102167182662,0.389367125097022,0.5125428747155703,2.85742486628922,2.6678857890981478,0.10080405327373318,0.10892757513475908,0.1162927195090772,7,0.9
0.2315833846748788,0.9013423324437582,0.10871018677497996,0.2988982325488175,0.34055727554179566,0.11867905056759545,0.3764490224825659,0.5018955787355552,3.070576140701342,2.8840153581370527,0.08553653964883759,0.0907886879407777,0.09593803796004097,7,1.0
0.21139578931095376,0.9077529756937195,0.08957009166804684,0.26410015139592974,0.20123839009287925,0.11424148606811142,0.39235514638228147,0.5169235200279575,1.2148616898485338,0.8809291992533269,0.1213684139048647,0.10860318359960264,0.14830305936872476,8,0.0
0.22112783995324975,0.9140798373356724,0.09486211997655616,0.2795650312499976,0.23529411764705882,0.11826625386996903,0.40176098330848176,0.5268229396042224,1.3134603766055954,0.9812261119983214,0.1275761013429282,0.11189986033521554,0.15748406405418935,8,0.1
0.2320358946168132,0.9180584417968097,0.10054225278209586,0.29202361720062886,0.25696594427244585,0.12198142414860681,0.4068673065354404,0.5354769220027037,1.4430473006736695,1.1271161218128591,0.13164671057795022,0.11886314426801375,0.1577503459697645,8,0.2
0.24209038122828258,0.9196631926012816,0.10692722431589764,0.30389286537899723,0.28637770897832815,0.12321981424148606,0.40547841878279106,0.5425762282463971,1.5960925605146925,1.3069496600373278,0.13506481832020512,0.12380423424210295,0.16306596972843915,8,0.3
0.25020163236996334,0.9195676952514913,0.11322625997110403,0.31378106438845454,0.3219814241486068,0.12559339525283797,0.4119559596891851,0.5475452557896098,1.7665093816023687,1.505964275888552,0.1375914283891811,0.12456942814997285,0.16098974498873236,8,0.4
0.2573463552388295,0.918188388585724,0.11922345418908732,0.32317619085394433,0.34829721362229105,0.12765737874097008,0.4119124977694292,0.5501945235069859,1.9497482116915956,1.715137824850175,0.13760895226031358,0.1246494348324643,0.16586072957554018,8,0.5
0.25648846069480324,0.9156677421153592,0.12255879030740519,0.3206485841978686,0.34365325077399383,0.12899896800825592,0.418221770534214,0.5505351552425523,2.142521606243209,1.9293754961524467,0.1358568561122489,0.11773151965556704,0.15556245330582677,8,0.6
0.25446506594892443,0.9120203757269483,0.12343862256311272,0.31896463792963886,0.33591331269349844,0.12827657378740967,0.4150742552127329,0.5482667800532265,2.3424768985673983,2.145783409675706,0.13378232711993043,0.11321916302743479,0.14613524768682018,8,0.7
0.2514811931475556,0.9072326799796627,0.12207201993668725,0.3156645081278991,0.32972136222910214,0.1279669762641899,0.4081495572275426,0.5433781222111452,2.5479237787454894,2.3629995306984934,0.12861562643628663,0.11022799636008163,0.13605726525089049,8,0.8
0.24657222040626023,0.9012905059649519,0.11897851745085178,0.3130873752660567,0.3281733746130031,0.12714138286893703,0.4043022418977715,0.5356942765787459,2.7576351386337574,2.5808074433294235,0.11406173427882972,0.09771003676044997,0.1235509216511069,8,0.9
0.2425354625273365,0.8941916537841508,0.11362858694012018,0.3100562668175125,0.33126934984520123,0.12311661506707947,0.3905215506755406,0.5255051030066107,2.970707950876818,2.799058857302349,0.09228891240518262,0.09380534310738099,0.10121885244354083,8,1.0
0.19483953348320837,0.9095169008833851,0.09333116730023915,0.2496457576006493,0.1838006230529595,0.11235721703011421,0.4088937554086159,0.502610972092842,1.2416502375694252,0.9092574651347018,0.11864000417704951,0.09316031326676574,0.12693097973998507,9,0.0
0.21587058761200545,0.9163045741081991,0.09887203226376791,0.27305075698690867,0.22118380062305296,0.11557632398753895,0.41324105292551316,0.5113805057344221,1.3527290025974883,1.0238289890816386,0.12360096630224125,0.0999659659105246,0.1334642144179569,9,0.1
0.22732252519083906,0.920391264511313,0.1041722491004662,0.2880487094180317,0.24922118380062305,0.11858774662512982,0.4133429054740088,0.5191905139467865,1.4922710591826043,1.1819132488441486,0.12587246129405394,0.10457836562734822,0.14227356460394258,9,0.2
0.23473109424698052,0.9224099769744828,0.1095219342833943,0.2958108879864459,0.27102803738317754,0.12066458982346834,0.4133565247660852,0.5262380760588616,1.6530841768542817,1.3690221438672323,0.12808131823780014,0.10210142986867904,0.14158939908190996,9,0.3
0.24485582426030117,0.9229017484711433,0.11391770140446397,0.3078575057827152,0.30062305295950154,0.12107995846313602,0.4129536667092963,0.5317882424892906,1.829567779784087,1.5748152690872885,0.12882093286198892,0.10541510027731456,0.14591961588036628,9,0.4
0.2510136056982417,0.9221253163887219,0.11644801903093224,0.3141045493769549,0.32398753894080995,0.12357217030114226,0.41492731558281715,0.5358270615633304,2.0176140915806537,1.788501235839482,0.12796770839572422,0.11547578906264554,0.14677000364848716,9,0.5
0.2542331014434537,0.9201871902935683,0.11673502991004403,0.31801718006136015,0.3317757009345794,0.12377985462097611,0.41443545858846204,0.5382673973558927,2.214279032798094,2.005598724881405,0.12828971998528949,0.11079414411494222,0.14171582226254076,9,0.6
0.2517717007218007,0.9170703420836589,0.11512014542367018,0.31490655012906993,0.338006230529595,0.12461059190031153,0.41151464363273377,0.5382207747527933,2.417460173544926,2.2254245534325716,0.12640787657385893,0.11891808129204792,0.13725583635370228,9,0.7
0.24631750138028666,0.9127008373018919,0.11148684931689151,0.3100263897680351,0.3395638629283489,0.12315680166147458,0.4018177692595114,0.5362049651281846,2.6256452089879394,2.4457449867987058,0.11731557989916078,0.11452620961924026,0.12584532003970644,9,0.8
0.2395826009574236,0.9069876397832195,0.10576008994838734,0.3013232103907736,0.3364485981308411,0.12014537902388368,0.3895181119705242,0.5309970775702894,2.8377330451439073,2.6661695634407927,0.10205961024973287,0.10536566312421862,0.1104621292003284,9,0.9
0.23261661582589424,0.8998764160137545,0.09770793432276505,0.2959137890673206,0.3348909657320872,0.11630321910695743,0.3738504460282911,0.5227451816027433,3.0529103735329266,2.886706651138707,0.08613664371234743,0.0953967966520282,0.09530405135909874,9,1.0
