MAP,AUROC,AUPR,nDCG@10,P@1,P@15,R@15,Spearman,RMSE,MAE,nonhot100_AP,rare_AP,middle_AP,fold,model
0.1728238725875322,0.9033712737331511,0.0819017279779092,0.22225844729048796,0.15275590551181104,0.10887139107611547,0.36673393217313593,0.4778105784366244,1.2542333935585008,0.8969227759375518,0.09794045174389611,0.10575704981825122,0.13993039540514343,0,CAFNet
0.23589327591516177,0.9050255338817946,0.12063917090655533,0.3021596092884881,0.352755905511811,0.12083989501312337,0.36766474308906316,0.4503373568311672,3.0316780595409476,2.8303409626812526,0.0878983418027261,0.08709125057614929,0.12332334705646404,0,CAFNet-D
0.24906351731306417,0.9205372385371862,0.12812307420128893,0.31419917195214264,0.3653543307086614,0.12766404199475065,0.40275712619536364,0.48735211015225793,2.176294034584237,1.9280032865741283,0.11168822661202737,0.12518834958565667,0.15867882310640308,0,CAFNet-DG
0.18126819023958363,0.9080696147603441,0.09647793566470854,0.23225675402293314,0.17857142857142858,0.1087991718426501,0.38489472095345284,0.43569808005170774,1.2311074972269545,0.8939650942542074,0.12233939388011782,0.08113761042394659,0.14203355693241315,1,CAFNet
0.23181404401472644,0.89172964286036,0.10249551515305892,0.29809010201003033,0.33229813664596275,0.12039337474120082,0.38387400571397895,0.5383266037692468,2.9808490691890466,2.8226911948031117,0.09847675876473229,0.060159641798975115,0.09382905926315155,1,CAFNet-D
0.24773599049852613,0.9187586731120816,0.1268857254930183,0.31447667365392734,0.32919254658385094,0.12525879917184263,0.40948672925992663,0.5253191103200542,2.1030839128596686,1.887711171670631,0.12978843418918123,0.07847641729727288,0.1427636126734979,1,CAFNet-DG
0.20102104369937662,0.907412044929155,0.09470738275108384,0.2595453330448045,0.2,0.11847328244274809,0.40490117072455145,0.5200079451599801,1.2557104451077605,0.9213375777667719,0.13982419979653732,0.11740522296640697,0.18314046960359345,2,CAFNet
0.23858567365790848,0.9097872041620376,0.1250308596363851,0.30590366950973974,0.31755725190839695,0.12437659033078881,0.39478708782707517,0.4560971276113632,3.086843948642042,2.8746396107079777,0.09683031758968484,0.09375888472640906,0.11822154365834656,2,CAFNet-D
0.25169412754497245,0.9223033247167156,0.13968802585532908,0.31765624153645045,0.31297709923664124,0.13099236641221373,0.4241710123178214,0.5083578056000316,2.2510522616760937,2.0123743652180237,0.1364104929930258,0.1379892975419796,0.17251691736870212,2,CAFNet-DG
0.16253527345807012,0.9115197273143285,0.08689951683673934,0.20960994653398926,0.14570552147239263,0.10715746421267892,0.3623867467270176,0.4884323480336527,1.2780342341477198,0.9322878161699942,0.10113039859858111,0.11115654127034875,0.14048924177749225,3,CAFNet
0.23683710330219274,0.9053491012123515,0.11393250248224984,0.3036348320558412,0.3328220858895706,0.12280163599182004,0.38265201428658757,0.5181761257226578,3.0663998107349326,2.872828351240555,0.09717547459521701,0.09805404466834536,0.11620728791616848,3,CAFNet-D
0.2405609888489751,0.9231019853984658,0.1293514445547827,0.30668910426857565,0.31901840490797545,0.1277096114519427,0.4170923149080113,0.5298488747397192,2.23842088382384,2.012768187864554,0.12100043399589835,0.1152558434282876,0.15677909344313248,3,CAFNet-DG
0.1790202014117761,0.9069969786056538,0.08792841859107975,0.2285596074614548,0.17411402157164868,0.10600924499229582,0.3848514786453524,0.48304719352422143,1.279415384146812,0.9468639549535414,0.10486366180274335,0.10499254176020621,0.13741468438593699,4,CAFNet
0.2238237926111521,0.8932904446076151,0.10555325476333811,0.28449139742824064,0.31124807395993837,0.1182331792501284,0.36980459193659343,0.5047090139912155,3.1130211493065567,2.936394850752722,0.08679783392920283,0.10964680280251166,0.10666253201003767,4,CAFNet-D
0.2374288710894761,0.9173194304453749,0.12706425974191718,0.2983777906799445,0.3235747303543914,0.12306111967128915,0.41334944613601105,0.5253899449475641,2.265086842509413,2.056265659485125,0.125623930773993,0.13602753386325658,0.1619287021991296,4,CAFNet-DG
0.21517736217810715,0.9104970178413853,0.09480868363173528,0.2670793631068571,0.23692307692307693,0.11466666666666667,0.4146313011757649,0.5258241209526714,1.2462788057564371,0.9157985760277778,0.12378440756526897,0.09187359864925429,0.14386790022985402,5,CAFNet
0.23297643787057132,0.9028219918599774,0.10617794360800664,0.30069487598156175,0.31846153846153846,0.12317948717948718,0.3941172276532896,0.5156659367937374,3.1114680133321686,2.9369724554227843,0.10800641191595005,0.09294683383502698,0.09824670180784849,5,CAFNet-D
0.2515227359940259,0.9205572747622734,0.12382001545753837,0.3133963408926877,0.3353846153846154,0.1276923076923077,0.42897572724191707,0.5432830522466939,2.2559734421940747,2.0472709653475105,0.14021601795472044,0.10354724759300887,0.1493766681378716,5,CAFNet-DG
0.21024890712381353,0.9065680177082032,0.09183987593200775,0.2642930198658679,0.20930232558139536,0.11576227390180877,0.40112886161987904,0.5237038238796031,1.2216804922963609,0.8960468263702895,0.12223604167945128,0.13016099865184144,0.17094302267460731,6,CAFNet
0.22250591335973774,0.8967360050470277,0.10044243394683944,0.2884370626499684,0.32248062015503876,0.11989664082687337,0.3742860567410346,0.48992215645184223,3.1342458654612426,2.981518962535677,0.08384523881618142,0.08954169061263104,0.11863015939410368,6,CAFNet-D
0.2435853469280969,0.9183382396064114,0.1203806258100373,0.30705999298554504,0.33798449612403103,0.12909560723514213,0.41400600710131186,0.5304517427244081,2.243375871321877,2.0501641904957344,0.13184195893253897,0.12601791006116053,0.17971860981606727,6,CAFNet-DG
0.17760349615648796,0.9055664857700313,0.08735139266552515,0.2256504424376982,0.19040247678018576,0.10629514963880289,0.38174823818074327,0.5000144880934768,1.2788067558063148,0.9272953871338193,0.11460496976140942,0.11664284599477838,0.13683742479933927,7,CAFNet
0.2315833846748788,0.9013423324437582,0.10871018677497996,0.2988982325488175,0.34055727554179566,0.11867905056759545,0.3764490224825659,0.5018955787355552,3.070576140701342,2.8840153581370527,0.08553653964883759,0.0907886879407777,0.09593803796004097,7,CAFNet-D
0.2564492966041046,0.9202572192354685,0.13077420833353254,0.32321413982111175,0.34520123839009287,0.12910216718266251,0.42602633596091977,0.5311178175808208,2.240505065665537,2.0222649795074568,0.13098308937803543,0.12377454949995279,0.1456890299946585,7,CAFNet-DG
0.21139578931095376,0.9077529756937195,0.08957009166804684,0.26410015139592974,0.20123839009287925,0.11424148606811142,0.39235514638228147,0.5169235200279575,1.2148616898485338,0.8809291992533269,0.1213684139048647,0.10860318359960264,0.14830305936872476,8,CAFNet
0.2425354625273365,0.8941916537841508,0.11362858694012018,0.3100562668175125,0.33126934984520123,0.12311661506707947,0.3905215506755406,0.5255051030066107,2.970707950876818,2.799058857302349,0.09228891240518262,0.09380534310738099,0.10121885244354083,8,CAFNet-D
0.25648846069480324,0.9156677421153592,0.12255879030740519,0.3206485841978686,0.34365325077399383,0.12899896800825592,0.418221770534214,0.5505351552425523,2.142521606243209,1.9293754961524467,0.1358568561122489,0.11773151965556704,0.15556245330582677,8,CAFNet-DG
0.19483953348320837,0.9095169008833851,0.09333116730023915,0.2496457576006493,0.1838006230529595,0.11235721703011421,0.4088937554086159,0.502610972092842,1.2416502375694252,0.9092574651347018,0.11864000417704951,0.09316031326676574,0.12693097973998507,9,CAFNet
0.23261661582589424,0.8998764160137545,0.09770793432276505,0.2959137890673206,0.3348909657320872,0.11630321910695743,0.3738504460282911,0.5227451816027433,3.0529103735329266,2.886706651138707,0.08613664371234743,0.0953967966520282,0.09530405135909874,9,CAFNet-D
0.2542331014434537,0.9201871902935683,0.11673502991004403,0.31801718006136015,0.3317757009345794,0.12377985462097611,0.41443545858846204,0.5382673973558927,2.214279032798094,2.005598724881405,0.12828971998528949,0.11079414411494222,0.14171582226254076,9,CAFNet-DG
